{
  "ret": true,
  "data": {
    "hotCities": [{
      "id": 1,
      "spell": "beijing",
      "name": "北京"
    }, {
        "id": 2,
        "spell": "beijing",
        "name": "上海"
      },{
        "id": 3,
        "spell": "beijing",
        "name": "广州"
      },{
        "id": 4,
        "spell": "beijing",
        "name": "深圳"
      },{
        "id": 5,
        "spell": "beijing",
        "name": "成都"
      }
    ],
    "cities": {
      "A": [
      {
        "id": 1,
        "spell": "beijing",
        "name": "a"
      },
      {
        "id": 2,
        "spell": "beijing",
        "name": "阿拉善加佳佳"
      },
      {
        "id": 3,
        "spell": "beijing",
        "name": "北京"
      },
      {
        "id": 4,
        "spell": "beijing",
        "name": "北京"
      },
      {
        "id": 5,
        "spell": "beijing",
        "name": "北京"
      }
    ],
      "B": [
        {
          "id": 6,
          "spell": "beijing",
          "name": "北京"
        },
        {
          "id": 7,
          "spell": "beijing",
          "name": "北京"
        },
        {
          "id": 8,
          "spell": "beijing",
          "name": "北京"
        },
        {
          "id": 9,
          "spell": "beijing",
          "name": "北京"
        },
        {
          "id": 10,
          "spell": "beijing",
          "name": "北京"
        }
      ],
      "C": [
        {
          "id": 11,
          "spell": "beijing",
          "name": "北京"
        },
        {
          "id": 12,
          "spell": "beijing",
          "name": "北京"
        },
        {
          "id": 13,
          "spell": "beijing",
          "name": "北京"
        },
        {
          "id": 14,
          "spell": "beijing",
          "name": "北京"
        },
        {
          "id": 15,
          "spell": "beijing",
          "name": "北京"
        }
      ],
      "D": [
        {
          "id": 16,
          "spell": "beijing",
          "name": "北京"
        },
        {
          "id": 17,
          "spell": "beijing",
          "name": "北京"
        }
      ],
      "E": [
        {
          "id": 18,
          "spell": "beijing",
          "name": "北京"
        },
        {
          "id": 19,
          "spell": "beijing",
          "name": "北京"
        },
        {
          "id": 20,
          "spell": "beijing",
          "name": "北京"
        },
        {
          "id": 21,
          "spell": "beijing",
          "name": "北京"
        },{
          "id": 22,
          "spell": "beijing",
          "name": "北京"
        },
        {
          "id": 23,
          "spell": "beijing",
          "name": "北京"
        },{
          "id": 24,
          "spell": "beijing",
          "name": "北京"
        },
        {
          "id": 25,
          "spell": "beijing",
          "name": "北京"
        }
      ]
    }
  }
}
