{
  "ret": true,
  "data": {
    "sightName": "海洋世界（AAAA景区）",
    "bannerImg": "https://img2.baidu.com/it/u=208820653,3079755698&fm=253&fmt=auto&app=138&f=JPEG?w=540&h=300",
    "gallaryImgs": ["https://img0.baidu.com/it/u=1210017296,3867515261&fm=253&fmt=auto&app=138&f=JPEG?w=400&h=400",
    "https://img0.baidu.com/it/u=1210017296,3867515261&fm=253&fmt=auto&app=138&f=JPEG?w=400&h=400"],
    "categoryList": [{
      "title": "成人票",
      "children": [{
        "title": "成人三馆联票",
        "children": [{
          "title": "成人三馆联票--一日游"
        }]
      },{
        "title": "学生票"
      },{
        "title": "儿童票"
      },{
        "title": "特惠票"
      }]
    }]
  }
}
