{
  "ret": true,
  "data": {
    "swiperList": [
      {
        "id": "0001",
        "imgUrl": "https://img0.baidu.com/it/u=3299909282,2386920509&fm=253&fmt=auto&app=138&f=JPEG?w=1000&h=500"
      },
      {
        "id": "0002",
        "imgUrl": "https://img0.baidu.com/it/u=70362094,3213913157&fm=253&fmt=auto&app=138&f=JPEG?w=1000&h=500"
      },
      {
        "id": "0003",
        "imgUrl": "https://img0.baidu.com/it/u=3299909282,2386920509&fm=253&fmt=auto&app=138&f=JPEG?w=1000&h=500"
      },
      {
        "id": "0004",
        "imgUrl": "https://img0.baidu.com/it/u=70362094,3213913157&fm=253&fmt=auto&app=138&f=JPEG?w=1000&h=500"
      }
    ],
    "iconList": [
      {
        "id": "0001",
        "imgUrl": "https://img0.baidu.com/it/u=237825795,3269029397&fm=253&fmt=auto&app=138&f=JPEG?w=500&h=537",
        "desc": "景点门票"
      },
      {
        "id": "0002",
        "imgUrl": "https://img0.baidu.com/it/u=237825795,3269029397&fm=253&fmt=auto&app=138&f=JPEG?w=500&h=537",
        "desc": "景点门票"
      },
      {
        "id": "0003",
        "imgUrl": "https://img0.baidu.com/it/u=237825795,3269029397&fm=253&fmt=auto&app=138&f=JPEG?w=500&h=537",
        "desc": "景点门票"
      },
      {
        "id": "0004",
        "imgUrl": "https://img0.baidu.com/it/u=237825795,3269029397&fm=253&fmt=auto&app=138&f=JPEG?w=500&h=537",
        "desc": "景点门票"
      },
      {
        "id": "0005",
        "imgUrl": "https://img0.baidu.com/it/u=237825795,3269029397&fm=253&fmt=auto&app=138&f=JPEG?w=500&h=537",
        "desc": "景点门票"
      },
      {
        "id": "0006",
        "imgUrl": "https://img0.baidu.com/it/u=237825795,3269029397&fm=253&fmt=auto&app=138&f=JPEG?w=500&h=537",
        "desc": "景点门票"
      },
      {
        "id": "0007",
        "imgUrl": "https://img0.baidu.com/it/u=237825795,3269029397&fm=253&fmt=auto&app=138&f=JPEG?w=500&h=537",
        "desc": "景点门票"
      },
      {
        "id": "0008",
        "imgUrl": "https://img0.baidu.com/it/u=237825795,3269029397&fm=253&fmt=auto&app=138&f=JPEG?w=500&h=537",
        "desc": "景点门票"
      },
      {
        "id": "0009",
        "imgUrl": "https://img0.baidu.com/it/u=237825795,3269029397&fm=253&fmt=auto&app=138&f=JPEG?w=500&h=537",
        "desc": "景点门票"
      },
      {
        "id": "00010",
        "imgUrl": "https://img0.baidu.com/it/u=237825795,3269029397&fm=253&fmt=auto&app=138&f=JPEG?w=500&h=537",
        "desc": "景点门票"
      },
      {
        "id": "00011",
        "imgUrl": "https://img0.baidu.com/it/u=237825795,3269029397&fm=253&fmt=auto&app=138&f=JPEG?w=500&h=537",
        "desc": "景点门票"
      },
      {
        "id": "00012",
        "imgUrl": "https://img0.baidu.com/it/u=237825795,3269029397&fm=253&fmt=auto&app=138&f=JPEG?w=500&h=537",
        "desc": "景点门票"
      }
    ],
    "recommendList": [
      {
        "id": "0001",
        "imgUrl": "https://img2.baidu.com/it/u=4165742004,1901949570&fm=253&fmt=auto&app=120&f=JPEG?w=562&h=562",
        "title": "海洋世界",
        "desc": "邂逅浪漫的海豚"
      },
      {
        "id": "0002",
        "imgUrl": "https://img2.baidu.com/it/u=4165742004,1901949570&fm=253&fmt=auto&app=120&f=JPEG?w=562&h=562",
        "title": "海洋世界",
        "desc": "邂逅浪漫的海豚"
      },
      {
        "id": "0003",
        "imgUrl": "https://img2.baidu.com/it/u=4165742004,1901949570&fm=253&fmt=auto&app=120&f=JPEG?w=562&h=562",
        "title": "海洋世界",
        "desc": "邂逅浪漫的海豚"
      },
      {
        "id": "0004",
        "imgUrl": "https://img2.baidu.com/it/u=4165742004,1901949570&fm=253&fmt=auto&app=120&f=JPEG?w=562&h=562",
        "title": "海洋世界",
        "desc": "邂逅浪漫的海豚"
      }
    ],
    "weekendList": [
      {
        "id": "0001",
        "imgUrl": "https://img0.baidu.com/it/u=3371005440,981971279&fm=253&fmt=auto&app=138&f=JPEG?w=1067&h=500",
        "title": "海洋世界",
        "desc": "邂逅浪漫的海豚"
      },
      {
        "id": "0002",
        "imgUrl": "https://img0.baidu.com/it/u=3371005440,981971279&fm=253&fmt=auto&app=138&f=JPEG?w=1067&h=500",
        "title": "海洋世界",
        "desc": "邂逅浪漫的海豚"
      },{
        "id": "0003",
        "imgUrl": "https://img0.baidu.com/it/u=3371005440,981971279&fm=253&fmt=auto&app=138&f=JPEG?w=1067&h=500",
        "title": "海洋世界",
        "desc": "邂逅浪漫的海豚"
      }
    ]
  }
}

