{
  "id": "3422663",
  "name": "Travel",
  "font_family": "iconfont",
  "css_prefix_text": "icon-",
  "description": "",
  "glyphs": [
    {
      "icon_id": "76992",
      "name": "搜索",
      "font_class": "sousuo",
      "unicode": "e600",
      "unicode_decimal": 58880
    },
    {
      "icon_id": "2076358",
      "name": "返回箭头",
      "font_class": "fanhuijiantou",
      "unicode": "e8b5",
      "unicode_decimal": 59573
    },
    {
      "icon_id": "4175511",
      "name": "下箭头",
      "font_class": "xiajiantou",
      "unicode": "eb6d",
      "unicode_decimal": 60269
    }
  ]
}
